﻿Nombre (nombre original),E-mail del usuario,Hora para unirse,Hora para salir,Duración (minutos),Invitado,Consentimiento de grabación
UTNLaRioja [f],frlr1@vc.utn.edu.ar,18/11/2021 17:48:27,18/11/2021 21:34:06,226,No
Diego Bartolome,,18/11/2021 17:48:58,18/11/2021 17:49:26,1,Sí
Diego Bartolome,,18/11/2021 17:49:26,18/11/2021 21:34:06,225,Sí,Y
Ricardo MONLA UTNLaRioja,rmonla@gmail.com,18/11/2021 17:49:29,18/11/2021 17:49:52,1,Sí
Cecilia Baldo,,18/11/2021 17:49:30,18/11/2021 17:49:50,1,Sí
Cecilia BALDO (Cecilia Baldo),,18/11/2021 17:49:50,18/11/2021 21:29:50,220,Sí,Y
Ricardo MONLA UTNLaRioja,rmonla@gmail.com,18/11/2021 17:49:52,18/11/2021 18:40:51,51,Sí,Y
Esteban Diaz,,18/11/2021 17:52:24,18/11/2021 17:52:32,1,Sí
VICENTE CALBO,,18/11/2021 17:55:48,18/11/2021 17:56:06,1,Sí
Vicente CALBO (VICENTE CALBO),,18/11/2021 17:56:07,18/11/2021 21:28:20,213,Sí,Y
Otto,,18/11/2021 17:56:58,18/11/2021 18:02:58,6,Sí
José Sanguedolce,,18/11/2021 17:58:53,18/11/2021 18:04:03,6,Sí
Mónica Alitta,palitta2@hotmail.com,18/11/2021 17:59:50,18/11/2021 18:00:16,1,Sí
Mónica Alitta,palitta2@hotmail.com,18/11/2021 18:00:17,18/11/2021 21:28:26,209,Sí,Y
Lola Garcia,lolanelly.garcia@gmail.com,18/11/2021 18:00:18,18/11/2021 18:04:04,4,Sí
Claudia Quintero,,18/11/2021 18:00:29,18/11/2021 18:04:06,4,Sí
Ana Celia Navarro de la Colina,deconeoart@gmail.com,18/11/2021 18:00:46,18/11/2021 18:04:02,4,Sí
Viviana Noemi Maldonado,maldonadoviviananoemi@gmail.com,18/11/2021 18:02:01,18/11/2021 18:04:05,3,Sí
Tomy Brizuela,tomybrizuela299@gmail.com,18/11/2021 18:02:21,18/11/2021 18:04:03,2,Sí
Esteban Diaz,,18/11/2021 18:02:39,18/11/2021 18:04:01,2,Sí
DIANA NIETO,,18/11/2021 18:02:55,18/11/2021 18:04:17,2,Sí
Viviana Maldonado-LA RIOJA,,18/11/2021 18:02:57,18/11/2021 18:04:11,2,Sí
JULIA GONZÁLEZ,jelenag@hotmail.com.ar,18/11/2021 18:03:26,18/11/2021 18:04:03,1,Sí
Esteban Diaz,,18/11/2021 18:04:02,18/11/2021 21:28:31,205,Sí,Y
Ana Celia Navarro de la Colina,deconeoart@gmail.com,18/11/2021 18:04:03,18/11/2021 21:34:05,211,Sí,Y
Tomy Brizuela,tomybrizuela299@gmail.com,18/11/2021 18:04:04,18/11/2021 19:38:53,95,Sí,Y
José Sanguedolce,,18/11/2021 18:04:04,18/11/2021 21:28:29,205,Sí,Y
JULIA GONZÁLEZ,jelenag@hotmail.com.ar,18/11/2021 18:04:04,18/11/2021 19:29:26,86,Sí,Y
Lola Garcia,lolanelly.garcia@gmail.com,18/11/2021 18:04:05,18/11/2021 19:43:17,100,Sí,Y
Viviana Noemi Maldonado,maldonadoviviananoemi@gmail.com,18/11/2021 18:04:06,18/11/2021 21:28:17,205,Sí,Y
Claudia Quintero,,18/11/2021 18:04:06,18/11/2021 20:50:46,167,Sí,Y
Otto,,18/11/2021 18:04:07,18/11/2021 18:06:36,3,Sí,Y
Viviana Maldonado-LA RIOJA,,18/11/2021 18:04:11,18/11/2021 21:02:43,179,Sí,Y
DIANA NIETO,,18/11/2021 18:04:18,18/11/2021 19:39:40,96,Sí,Y
Diana Elisabeth NIETO,nieto.diana@frlr.utn.edu.ar,18/11/2021 18:05:50,18/11/2021 21:28:27,203,No
Otto,,18/11/2021 18:07:51,18/11/2021 18:17:47,10,Sí,Y
Ariel Andrade,,18/11/2021 18:11:13,18/11/2021 20:58:08,167,Sí,Y
Rosana Vivas,,18/11/2021 18:13:43,18/11/2021 18:20:58,8,Sí,Y
Andrea Carrizo,,18/11/2021 18:17:02,18/11/2021 18:18:52,2,Sí,Y
Ricardo,rfmaldonado@gmail.com,18/11/2021 18:17:13,18/11/2021 19:35:47,79,Sí,Y
Otto,,18/11/2021 18:18:13,18/11/2021 21:28:28,191,Sí,Y
Federico Cufre,cufre380@gmail.com,18/11/2021 18:20:06,18/11/2021 19:23:38,64,Sí,Y
Rosana Vivas,,18/11/2021 18:21:53,18/11/2021 18:32:56,12,Sí
51- Aguirre María Belén,aguirremariabelen@gmail.com,18/11/2021 18:27:04,18/11/2021 18:45:01,18,Sí,Y
Pilar Tecno Proyecto,,18/11/2021 18:30:33,18/11/2021 18:30:43,1,Sí
Fernando A. Gonzalez,fagonzalez.nt@gmail.com,18/11/2021 18:31:32,18/11/2021 20:19:38,109,Sí,Y
Rosana Vivas,,18/11/2021 18:32:35,18/11/2021 20:41:44,130,Sí,Y
Cecilia MUNUCE (Cecilia Munuce),,18/11/2021 18:41:13,18/11/2021 21:28:22,168,Sí,Y
Agostina Chavez (AGO),,18/11/2021 18:44:00,18/11/2021 21:00:40,137,Sí,Y
Lab. Química,,18/11/2021 18:44:26,18/11/2021 21:28:28,165,Sí,Y
51- Aguirre María Belén,,18/11/2021 18:44:46,18/11/2021 21:34:06,170,Sí,Y
Gisele González vera,,18/11/2021 18:56:04,18/11/2021 18:57:17,2,Sí,Y
Tomas Luna Vaporakis,tlunavaporakis@gmail.com,18/11/2021 19:00:20,18/11/2021 19:39:01,39,Sí,Y
Lic. Mariana Molina Gomez,,18/11/2021 19:16:21,18/11/2021 21:28:35,133,Sí,Y
Gisele González vera,,18/11/2021 19:21:13,18/11/2021 21:28:27,128,Sí,Y
Marianela Carbajal,,18/11/2021 19:23:06,18/11/2021 19:32:21,10,Sí,Y
Horacio Bracco,,18/11/2021 19:28:13,18/11/2021 19:44:58,17,Sí,Y
JULIA GONZÁLEZ,jelenag@hotmail.com.ar,18/11/2021 19:31:07,18/11/2021 19:49:52,19,Sí
Julia GONZÁLEZ (Nadia Lovrincevich),,18/11/2021 19:35:31,18/11/2021 21:30:00,115,Sí,Y
DIANA NIETO,,18/11/2021 19:39:50,18/11/2021 19:40:46,1,Sí
DIANA NIETO,,18/11/2021 19:41:31,18/11/2021 21:28:21,107,Sí
Horacio Bracco,horaciobracco.97@gmail.com,18/11/2021 19:49:45,18/11/2021 21:01:16,72,Sí,Y
Lola Garcia,lolanelly.garcia@gmail.com,18/11/2021 19:51:56,18/11/2021 21:14:07,83,Sí,Y
Candela Gonzalez,cgonzalez102001@gmail.com,18/11/2021 19:58:51,18/11/2021 20:17:10,19,Sí,Y
Alfredo,,18/11/2021 19:58:59,18/11/2021 20:17:38,19,Sí
Patricia Cordoba,,18/11/2021 19:59:30,18/11/2021 21:28:17,89,Sí,Y
Walter SOTOMAYOR (Walter Sotomayor),,18/11/2021 20:02:26,18/11/2021 21:28:23,86,Sí,Y
Efraim Brac,,18/11/2021 20:02:51,18/11/2021 20:03:17,1,Sí,Y
Efraim Brac,,18/11/2021 20:03:55,18/11/2021 20:17:13,14,Sí
Andrea Carrizo,,18/11/2021 20:07:07,18/11/2021 20:11:12,5,Sí,Y
Federico Cufre,cufre380@gmail.com,18/11/2021 20:10:31,18/11/2021 21:28:56,79,Sí
Ariel MERCADO (Ariel Mercado),arielalcatel@gmail.com,18/11/2021 20:13:39,18/11/2021 21:31:32,78,Sí,Y
Marcela Romero Vega,march_chilecito@hotmail.com,18/11/2021 20:22:57,18/11/2021 20:23:36,1,Sí,Y
Nicole Moya,,18/11/2021 20:32:03,18/11/2021 20:32:22,1,Sí,Y
Nicole Moya,,18/11/2021 20:32:43,18/11/2021 20:46:51,15,Sí,Y
Departamento Ingeniería Electrónica,,18/11/2021 20:35:41,18/11/2021 20:41:45,7,Sí,Y
Rosana Vivas,,18/11/2021 20:41:45,18/11/2021 20:52:40,11,Sí
Alejandra Montañez,,18/11/2021 20:52:44,18/11/2021 21:28:31,36,Sí,Y
Rosana Vivas,,18/11/2021 20:54:28,18/11/2021 21:29:39,36,Sí,Y
Lola Garcia,lolanelly.garcia@gmail.com,18/11/2021 21:22:31,18/11/2021 21:32:56,11,Sí,Y
DIANA NIETO,,18/11/2021 19:41:09,18/11/2021 19:41:31,1,Sí
