<?xml version="1.0" encoding="utf-8" ?>
<dwsync>
<file name="index.php" server="C:/AppServ/www/red_social/" local="129274764544583659" remote="129274764540000000" />
<file name="index2.php" server="C:/AppServ/www/red_social/" local="129219035442085820" remote="129219035440000000" />
<file name="index.php" server="C:/VertrigoServ/www/red_social/" local="129219043645849972" remote="129219043640000000" />
<file name="spacer.gif" server="C:/AppServ/www/Registro/" local="129312357807466211" remote="129312357800000000" />
<file name="index_admin_r1_c1.gif" server="C:/AppServ/www/Registro/" local="129291637161756677" remote="129291637160000000" />
<file name="index_admin_r2_c1.gif" server="C:/AppServ/www/Registro/" local="129291637162336710" remote="129291637160000000" />
<file name="index_admin_r2_c5.gif" server="C:/AppServ/www/Registro/" local="129291637162516720" remote="129291637160000000" />
<file name="index_admin_r3_c1.gif" server="C:/AppServ/www/Registro/" local="129291637162646728" remote="129291637160000000" />
<file name="index_admin_r3_c3.gif" server="C:/AppServ/www/Registro/" local="129291637162786736" remote="129291637160000000" />
<file name="index_admin_r3_c4.gif" server="C:/AppServ/www/Registro/" local="129291637162916743" remote="129291637160000000" />
<file name="index_admin_r3_c6.gif" server="C:/AppServ/www/Registro/" local="129291637163226761" remote="129291637160000000" />
<file name="index_admin_r3_c7.gif" server="C:/AppServ/www/Registro/" local="129291637163366769" remote="129291637160000000" />
<file name="index_admin_r3_c8.gif" server="C:/AppServ/www/Registro/" local="129291637163496777" remote="129291637160000000" />
<file name="index_admin_r4_c1.gif" server="C:/AppServ/www/Registro/" local="129291637163686787" remote="129291637160000000" />
<file name="index_admin_r4_c2.gif" server="C:/AppServ/www/Registro/" local="129291637163816795" remote="129291637160000000" />
<file name="index_admin_r4_c9.gif" server="C:/AppServ/www/Registro/" local="129291637163986805" remote="129291637160000000" />
<file name="index_admin_r6_c1.gif" server="C:/AppServ/www/Registro/" local="129291637164256820" remote="129291637160000000" />
<file name="arrows.gif" server="C:/AppServ/www/Registro/" local="126636710880000000" remote="126636710880000000" />
<file name="index_admin.php" server="C:/AppServ/www/Registro/" local="129291637197337932" remote="129291637190000000" />
<file name="index_r1_c1.gif" server="C:/AppServ/www/Registro/" local="129274760400000000" remote="129274760400000000" />
<file name="index_r2_c1.gif" server="C:/AppServ/www/Registro/" local="129274760400000000" remote="129274760400000000" />
<file name="index_r2_c3.gif" server="C:/AppServ/www/Registro/" local="129274760400000000" remote="129274760400000000" />
<file name="index_r3_c1.gif" server="C:/AppServ/www/Registro/" local="129274760400000000" remote="129274760400000000" />
<file name="index_r4_c3.gif" server="C:/AppServ/www/Registro/" local="129274760400000000" remote="129274760400000000" />
<file name="index_r4_c4.gif" server="C:/AppServ/www/Registro/" local="129274760400000000" remote="129274760400000000" />
<file name="index_r4_c5.gif" server="C:/AppServ/www/Registro/" local="129274760400000000" remote="129274760400000000" />
<file name="index_r5_c1.gif" server="C:/AppServ/www/Registro/" local="129274760400000000" remote="129274760400000000" />
<file name="index_r5_c5.gif" server="C:/AppServ/www/Registro/" local="129274760400000000" remote="129274760400000000" />
<file name="index_r6_c5.gif" server="C:/AppServ/www/Registro/" local="129274760400000000" remote="129274760400000000" />
<file name="index_r7_c5.gif" server="C:/AppServ/www/Registro/" local="129274760400000000" remote="129274760400000000" />
<file name="index_r9_c5.gif" server="C:/AppServ/www/Registro/" local="129274760400000000" remote="129274760400000000" />
<file name="index_r11_c5.gif" server="C:/AppServ/www/Registro/" local="129274760400000000" remote="129274760400000000" />
<file name="index_r13_c5.gif" server="C:/AppServ/www/Registro/" local="129274760400000000" remote="129274760400000000" />
<file name="index_r14_c1.gif" server="C:/AppServ/www/Registro/" local="129274760400000000" remote="129274760400000000" />
<file name="index.php" server="C:/AppServ/www/Registro/" local="129312372439536141" remote="129312372430000000" />
<file name="mm_css_menu.js" server="C:/AppServ/www/Registro/" local="128137046000000000" remote="128137046000000000" />
<file name="index_admin_r3_c4_f2.gif" server="C:/AppServ/www/Registro/" local="129291637163066752" remote="129291637160000000" />
<file name="validar.php" server="C:/AppServ/www/Registro/" local="129274365920000000" remote="129274365920000000" />
<file name="disponibilidad.php" server="C:/AppServ/www/Registro/" local="129291340317619791" remote="129291340310000000" />
<file name="conectar.php" server="C:/AppServ/www/Registro/" local="129284612020000000" remote="129284612020000000" />
<file name="agregar_grado.php" server="C:/AppServ/www/Registro/" local="129291341011505449" remote="129291341010000000" />
<file name="agregar_alumno.php" server="C:/AppServ/www/Registro/" local="129291599266334662" remote="129291599260000000" />
<file name="ver_materias.php" server="C:/AppServ/www/Registro/" local="129294213690237374" remote="129294213690000000" />
<file name="index_docente_r1_c1.gif" server="C:/AppServ/www/Registro/" local="129294254392791639" remote="129294254390000000" />
<file name="index_docente_r2_c1.gif" server="C:/AppServ/www/Registro/" local="129294254393704153" remote="129294254390000000" />
<file name="index_docente_r2_c4.gif" server="C:/AppServ/www/Registro/" local="129294254393966657" remote="129294254390000000" />
<file name="index_docente_r3_c1.gif" server="C:/AppServ/www/Registro/" local="129294254394091659" remote="129294254390000000" />
<file name="index_docente_r3_c3.gif" server="C:/AppServ/www/Registro/" local="129294254394216661" remote="129294254390000000" />
<file name="index_docente_r3_c5.gif" server="C:/AppServ/www/Registro/" local="129294254394341663" remote="129294254390000000" />
<file name="index_docente_r4_c1.gif" server="C:/AppServ/www/Registro/" local="129294254394504165" remote="129294254390000000" />
<file name="index_docente_r4_c2.gif" server="C:/AppServ/www/Registro/" local="129294254394729169" remote="129294254390000000" />
<file name="index_docente_r4_c6.gif" server="C:/AppServ/www/Registro/" local="129294254394879171" remote="129294254390000000" />
<file name="index_docente_r5_c2.gif" server="C:/AppServ/www/Registro/" local="129294254395491681" remote="129294254390000000" />
<file name="index_docente_r6_c1.gif" server="C:/AppServ/www/Registro/" local="129294254395741684" remote="129294254390000000" />
<file name="index_docente.php" server="C:/AppServ/www/Registro/" local="129294255269305102" remote="129294255260000000" />
<file name="paginator.inc.php" server="C:/AppServ/www/Registro/" local="129294257552677674" remote="129294257550000000" />
<file name="ver_alumno2.php" server="C:/AppServ/www/Registro/" local="129296423631472242" remote="129296423630000000" />
<file name="mostrar_alumnos.php" server="C:/AppServ/www/Registro/" local="129296415814123626" remote="129296415810000000" />
<file name="notas_actuales.php" server="C:/AppServ/www/Registro/" local="129297681610000000" remote="129297681610000000" />
<file name="ver_noticia.php" server="C:/AppServ/www/Registro/" local="129312372584203373" remote="129312372580000000" />
<file name="ver_noticia2.php" server="C:/AppServ/www/Registro/" local="129312381242594045" remote="129312381240000000" />
</dwsync>